bf7b8-q.com,34.214.56.13
bf7b8-q.com,34.217.235.253
bf7b8-q.com,52.27.189.82
bf7b8-q.com,54.214.194.90
pqim5gw.com,34.217.235.253
pqim5gw.com,54.189.204.76
pqim5gw.com,54.189.226.126
pqim5gw.com,54.214.194.90
b-2h82v.com,50.112.85.115
b-2h82v.com,52.13.150.199
b-2h82v.com,54.190.214.102
vlb-10in.com,34.209.197.117
vlb-10in.com,34.211.140.76
vlb-10in.com,54.190.214.102
u7ce7iel.com,54.189.226.126
u7ce7iel.com,54.214.194.90
u7ce7iel.com,54.70.149.65
16c1krs.com,34.217.235.253
16c1krs.com,50.112.85.115
16c1krs.com,54.201.32.214
16c1krs.com,54.70.149.65
i6g71e1.com,34.217.235.253
i6g71e1.com,50.112.85.115
i6g71e1.com,52.13.150.199
i6g71e1.com,54.214.194.90
e-ekc02d.com,50.112.85.115
e-ekc02d.com,52.13.150.199
e-ekc02d.com,54.214.194.90
e-ekc02d.com,54.70.149.65
7jlh-0iu.com,34.209.197.117
7jlh-0iu.com,34.211.140.76
7jlh-0iu.com,34.217.235.253
7jlh-0iu.com,54.214.194.90
4m0i-mh6.com,34.217.235.253
4m0i-mh6.com,50.112.85.115
4m0i-mh6.com,54.189.226.126
4m0i-mh6.com,54.214.194.90
